{"cameraMode":{"drawMode":0,"name":"Shaded","section":"Shading Mode"},"sceneLighting":false,"audioPlay":false,"sceneViewState":{"m_AlwaysRefresh":false,"showFog":true,"showSkybox":true,"showFlares":true,"showImageEffects":true,"showParticleSystems":true,"showVisualEffectGraphs":true,"m_FxEnabled":true},"in2DMode":false,"pivot":{"x":1022.1526489257813,"y":1017.0704956054688,"z":1020.7506713867188},"rotation":{"x":0.3290781080722809,"y":0.6348699927330017,"z":-0.34226715564727785,"w":0.6096539497375488},"size":4.910701751708984,"orthographic":false}