{"cameraMode":{"drawMode":0,"name":"Shaded","section":"Shading Mode"},"sceneLighting":false,"audioPlay":false,"sceneViewState":{"m_AlwaysRefresh":false,"showFog":true,"showSkybox":false,"showFlares":true,"showImageEffects":true,"showParticleSystems":true,"showVisualEffectGraphs":true,"m_FxEnabled":true},"in2DMode":false,"pivot":{"x":-41.99628448486328,"y":0.27524900436401369,"z":-19.206939697265626},"rotation":{"x":-0.15805575251579286,"y":-0.7004442811012268,"z":0.16405771672725678,"w":-0.6764747500419617},"size":0.4300718307495117,"orthographic":false}